{"Loss/train": 0.03374028205871582, "acc1/train": 99.82435607910156, "acc5/train": 100.0, "_timestamp": 1655783408, "_runtime": 940, "_step": 5183, "Loss/val": 0.2556245726090474, "acc1/val": 92.81810760498047, "acc5/val": 99.5316162109375, "_wandb": {"runtime": 440}}